<window id="5000">
  <allowoverlay>no</allowoverlay>
  <defaultcontrol always="true">51</defaultcontrol>
  <coordinates>
    <system>1</system>
    <posx>0</posx>
    <posy>0</posy>
  </coordinates>
  <controls>
    <include>CommonBackground</include>
    <include>ContentPanelBackgrounds</include>
    <control type="group">
      <visible>Control.IsVisible(51)</visible>
      <include>VisibleFadeEffect</include>
      <control type="list" id="51">
        <posx>95</posx>
        <posy>78</posy>
        <width>1080</width>
        <height>561</height>
        <onposx>2</onposx>
        <onright>60</onright>
        <onup>51</onup>
        <ondown>51</ondown>
        <viewtype label="537">list</viewtype>
        <pagecontrol>60</pagecontrol>
        <scrolltime>200</scrolltime>
        <itemlayout height="40" width="1080">
          <control type="image">
            <posx>0</posx>
            <posy>0</posy>
            <width>1080</width>
            <height>41</height>
            <texture border="0,2,0,2">MenuItemNF.png</texture>
          </control>
          <control type="image">
            <posx>16</posx>
            <posy>8</posy>
            <width>26</width>
            <height>26</height>
            <texture background="true">$INFO[ListItem.Icon]</texture>
          </control>
          <control type="progress" id="52">
            <description>Download progress</description>
            <posx>50</posx>
            <posy>20</posy>
            <width>1000</width>
            <height>16</height>
            <info>ListItem.Property(TaskDownProgress)</info>
            <midtexture border="6,0,6,0">TaskDownProgressMid.png</midtexture>
            <texturebg border="6,0,6,0">OSDProgressBack.png</texturebg>
            <visible>!ListItem.Property(DownloadFinished)</visible>
          </control>
          <control type="progress" id="53">
            <description>Download progress</description>
            <posx>50</posx>
            <posy>20</posy>
            <width>1000</width>
            <height>16</height>
            <info>ListItem.Property(TaskUpProgress)</info>
            <midtexture border="6,0,6,0">TaskUpProgressMid.png</midtexture>
            <texturebg border="6,0,6,0">OSDProgressBack.png</texturebg>
            <visible>ListItem.Property(DownloadFinished)</visible>
          </control>
          <control type="label">
            <posx>900</posx>
            <posy>5</posy>
            <width>100</width>
            <height>20</height>
            <font>font10</font>
            <textcolor>white</textcolor>
            <selectedcolor>selected</selectedcolor>
            <align>left</align>
            <aligny>center</aligny>
            <label>D: $INFO[ListItem.Property(SpeedDownload)] kb/s</label>
          </control>
          <control type="label">
            <posx>1000</posx>
            <posy>5</posy>
            <width>100</width>
            <height>20</height>
            <font>font10</font>
            <textcolor>white</textcolor>
            <selectedcolor>selected</selectedcolor>
            <align>left</align>
            <aligny>center</aligny>
            <label>U: $INFO[ListItem.Property(SpeedUpload)] kb/s</label>
          </control>
          <control type="label">
            <posx>60</posx>
            <posy>5</posy>
            <width>700</width>
            <height>20</height>
            <font>font10</font>
            <textcolor>white</textcolor>
            <selectedcolor>selected</selectedcolor>
            <align>left</align>
            <aligny>center</aligny>
            <label>$INFO[ListItem.Label]</label>
          </control>
        </itemlayout>
        <focusedlayout height="40" width="1080">
          <control type="image">
            <posx>0</posx>
            <posy>0</posy>
            <width>1080</width>
            <height>41</height>
            <texture border="0,2,0,2">MenuItemNF.png</texture>
            <visible>!Control.HasFocus(51)</visible>
            <include>VisibleFadeEffect</include>
          </control>
          <control type="image">
            <posx>0</posx>
            <posy>0</posy>
            <width>1080</width>
            <height>41</height>
            <texture border="0,2,0,2">MenuItemFO.png</texture>
            <visible>Control.HasFocus(51)</visible>
            <include>VisibleFadeEffect</include>
          </control>
          <control type="image">
            <posx>16</posx>
            <posy>8</posy>
            <width>26</width>
            <height>26</height>
            <texture background="true">$INFO[ListItem.Icon]</texture>
          </control>
          <control type="progress" id="52">
            <description>Download progress</description>
            <posx>50</posx>
            <posy>20</posy>
            <width>1000</width>
            <height>16</height>
            <info>ListItem.Property(TaskDownProgress)</info>
            <midtexture border="6,0,6,0">TaskDownProgressMid.png</midtexture>
            <texturebg border="6,0,6,0">OSDProgressBack.png</texturebg>
            <visible>!ListItem.Property(DownloadFinished)</visible>
          </control>
          <control type="progress" id="53">
            <description>Upload progress</description>
            <posx>50</posx>
            <posy>20</posy>
            <width>1000</width>
            <height>16</height>
            <info>ListItem.Property(TaskUpProgress)</info>
            <midtexture border="6,0,6,0">TaskUpProgressMid.png</midtexture>
            <texturebg border="6,0,6,0">OSDProgressBack.png</texturebg>
            <visible>ListItem.Property(DownloadFinished)</visible>
          </control>
          <control type="label">
            <posx>900</posx>
            <posy>5</posy>
            <width>100</width>
            <height>20</height>
            <font>font10</font>
            <textcolor>white</textcolor>
            <selectedcolor>selected</selectedcolor>
            <align>left</align>
            <aligny>center</aligny>
            <label>D: $INFO[ListItem.Property(SpeedDownload)] kb/s</label>
          </control>
          <control type="label">
            <posx>1000</posx>
            <posy>5</posy>
            <width>100</width>
            <height>20</height>
            <font>font10</font>
            <textcolor>white</textcolor>
            <selectedcolor>selected</selectedcolor>
            <align>left</align>
            <aligny>center</aligny>
            <label>U: $INFO[ListItem.Property(SpeedUpload)] kb/s</label>
          </control>
          <control type="label">
            <posx>60</posx>
            <posy>5</posy>
            <width>950</width>
            <height>20</height>
            <font>font10</font>
            <textcolor>white</textcolor>
            <selectedcolor>selected</selectedcolor>
            <align>left</align>
            <aligny>center</aligny>
            <label>$INFO[ListItem.Label]</label>
          </control>
        </focusedlayout>
      </control>
      <control type="scrollbar" id="60">
        <posx>1170</posx>
        <posy>80</posy>
        <width>25</width>
        <height>550</height>
        <texturesliderbackground border="0,14,0,14">ScrollBarV.png</texturesliderbackground>
        <texturesliderbar border="0,14,0,14">ScrollBarV_bar.png</texturesliderbar>
        <texturesliderbarfocus border="0,14,0,14">ScrollBarV_bar_focus.png</texturesliderbarfocus>
        <textureslidernib>ScrollBarNib.png</textureslidernib>
        <textureslidernibfocus>ScrollBarNib.png</textureslidernibfocus>
        <onposx>50</onposx>
        <onright>2</onright>
        <showonepage>false</showonepage>
        <orientation>vertical</orientation>
        <visible>Control.IsVisible(51)</visible>
      </control>
    </control>
    <control type="image">
      <description>Section header image</description>
      <posx>20</posx>
      <posy>5</posy>
      <width>35</width>
      <height>35</height>
      <aspectratio>keep</aspectratio>
      <texture>icon_ds.png</texture>
    </control>
    <control type="label">
      <posx>65</posx>
      <posy>5</posy>
      <width>1000</width>
      <height>30</height>
      <include>WindowTitleCommons</include>
      <label>DSTasks</label>
    </control>
    <include>Clock</include>
    <include>CommonPageCount</include>
  </controls>
</window>
