<?xml version="1.0" encoding="UTF-8"?>
<window>
  <defaultcontrol always="true">202</defaultcontrol>
  <coordinates>
    <system>1</system>
    <posx>335</posx>
    <posy>230</posy>
  </coordinates>
  <include>dialogeffect</include>
  <controls>
    <control type="image">
      <posx>0</posx>
      <posy>0</posy>
      <width>610</width>
      <height>240</height>
      <texture border="40">DialogBack.png</texture>
    </control>
    <control type="image">
      <description>Dialog Header image</description>
      <posx>40</posx>
      <posy>16</posy>
      <width>530</width>
      <height>40</height>
      <texture>dialogheader.png</texture>
    </control>
    <control type="label">
      <description>header label</description>
      <posx>40</posx>
      <posy>20</posy>
      <width>530</width>
      <height>30</height>
      <font>font13_title</font>
      <label>Info</label>
      <align>center</align>
      <aligny>center</aligny>
      <textcolor>selected</textcolor>
      <shadowcolor>black</shadowcolor>
    </control>
    <control type="button">
      <description>Close Window button</description>
      <posx>520</posx>
      <posy>15</posy>
      <width>64</width>
      <height>32</height>
      <label>-</label>
      <font>-</font>
      <onclick>PreviousMenu</onclick>
      <texturefocus>DialogCloseButton-focus.png</texturefocus>
      <texturenofocus>DialogCloseButton.png</texturenofocus>
      <onleft>202</onleft>
      <onright>202</onright>
      <onup>202</onup>
      <ondown>202</ondown>
      <visible>system.getbool(input.enablemouse)</visible>
    </control>
    <!--<control type="label" id="2">
      <description>dialog line 1</description>
      <posx>30</posx>
      <posy>60</posy>
      <width>550</width>
      <height>30</height>
      <align>left</align>
      <aligny>center</aligny>
      <label>-</label>
      <font>font13</font>
    </control>
    <control type="label" id="3">
      <description>dialog line 2</description>
      <posx>30</posx>
      <posy>85</posy>
      <width>550</width>
      <height>30</height>
      <align>left</align>
      <aligny>center</aligny>
      <label>-</label>
      <font>font13</font>
    </control>
    <control type="label" id="4">
      <description>dialog line 3</description>
      <posx>30</posx>
      <posy>110</posy>
      <width>550</width>
      <height>30</height>
      <align>left</align>
      <aligny>center</aligny>
      <label>-</label>
      <font>font13</font>
    </control>-->
    <control type="button" id="202">
      <description>Pause/Resume button</description>
      <posx>95</posx>
      <posy>175</posy>
      <width>200</width>
      <height>40</height>
      <label>Pause</label>
      <font>font12_title</font>
      <textcolor>white</textcolor>
      <focusedcolor>white</focusedcolor>
      <align>center</align>
      <onleft>203</onleft>
      <onright>203</onright>
      <onup>203</onup>
      <ondown>203</ondown>
    </control>
    <control type="button" id="203">
      <description>Delete button</description>
      <posx>305</posx>
      <posy>175</posy>
      <width>200</width>
      <height>40</height>
      <label>Delete</label>
      <font>font12_title</font>
      <textcolor>white</textcolor>
      <focusedcolor>white</focusedcolor>
      <align>center</align>
      <onleft>202</onleft>
      <onright>202</onright>
      <onup>202</onup>
      <ondown>202</ondown>
    </control>
  </controls>
</window>
