<?xml version="1.0" encoding="utf-8" standalone="yes" ?>
<addon id="plugin.video.ecdownloadsorter" name="ecDownloadSorter" version="0.2.1" provider-name="mikaelec">
	<requires>
		<import addon="xbmc.python" version="2.1.0"/>
	</requires>
  <extension point="xbmc.python.pluginsource" library="default.py">
    <provides>video</provides>
  </extension>
	<extension point="xbmc.addon.metadata">
		<description>Sort completed downloads</description>
		<summary>Move completed downloads into appropriate folders</summary>
		<platform>all</platform>
	</extension>
</addon>